feature,f-score,p-value
num_words,6470.5641531933625,0.0
num_different_forms,6250.6312219104,0.0
num_noun,6044.9664142481415,0.0
num_words_with_punct,5951.816173683797,0.0
num_lexic_words,5536.531549023742,0.0
all_connectives,4237.652837312309,0.0
words_length_no_stopwords_mean,4234.00742864435,0.0
num_verb,4009.8298711029815,0.0
lemma_ttr,3971.050848379255,0.0
causal_connectives,3919.2330289141178,0.0
num_subord,3791.9021932721507,0.0
num_total_prop,3535.9145548150846,0.0
num_inf,3364.4952241256046,0.0
num_dif_rare_words,3261.4660318684464,0.0
num_rare_words,3256.1867087106352,0.0
num_rare_verbs,3029.3705814394825,0.0
num_neg,2998.316835815222,0.0
num_third_pers_pron,2971.908986157508,0.0
num_adv,2896.9011224189735,0.0
num_adj,2729.6621103906655,0.0
num_syllables_words_std,2525.2423293263464,0.0
num_indic_incidence,2494.9431985223387,0.0
num_different_forms_incidence,2438.502171881979,0.0
simple_ttr,2438.4817904368983,0.0
num_pres_incidence,2204.2753993106135,0.0
words_length_std,2181.4993201915795,0.0
conditional_connectives,2173.0291335859315,0.0
num_rare_nouns,1972.1982604690972,0.0
adversative_connectives,1962.7206409642042,0.0
num_indic,1814.0582641207072,0.0
num_ger,1810.7412936576486,0.0
lemmas_length_std,1696.4351839600145,0.0
num_modifiers_noun_phrase,1612.253417491969,0.0
num_decendents_noun_phrase,1596.3273852781083,0.0
num_first_pers_pron_incidence,1594.5849143475812,0.0
num_past,1574.9988059957202,0.0
temporal_connectives,1541.1255508888157,0.0
left_embeddedness,1523.594771382064,0.0
ratio_proper_nouns_per_nouns,1462.170829202036,0.0
logical_connectives,1373.1920300151219,0.0
sentences_per_paragraph_mean,1362.9524808416122,0.0
num_first_pers_sing_pron_incidence,1360.0738310697382,0.0
hypernymy_verbs_index,1354.6284512041912,0.0
num_rare_adj,1265.486678161793,0.0
flesch,1261.380595146337,0.0
words_length_no_stopwords_std,1258.8630254211741,0.0
conditional_connectives_incidence,1250.4659504768372,0.0
num_proper_noun_incidence,1197.142059087849,0.0
num_syllables_words_mean,1070.786606681001,0.0
num_personal_pronouns,1066.020311153641,0.0
num_sentences,1065.1276694735877,0.0
num_pres,980.0371862548774,0.0
logical_connectives_incidence,956.997462420476,0.0
noun_overlap_all,839.1318184731289,0.0
vttr,836.6454638556255,0.0
stem_overlap_all,818.533791510025,0.0
verb_phrase_density_incidence,802.7256141819114,0.0
num_verb_incidence,802.6666234685275,0.0
verb_density,802.6069816000141,0.0
noun_overlap_adjacent,802.3197339579157,0.0
stem_overlap_adjacent,800.2708734764502,0.0
num_past_irregular,697.1324962707837,1.6425404775277394e-295
lemma_nttr,673.2957120294475,1.0975733158475062e-285
words_length_mean,670.8786448083913,1.0905864131139564e-284
mean_depth_per_sentence,655.2490100992197,3.093300521875087e-278
num_personal_pronouns_incidence,650.9284602898698,1.885841955716943e-276
nttr,615.8812118491481,5.983317678710151e-262
causal_connectives_incidence,551.3925067792694,3.629241084216524e-235
polysemic_index,548.7945502539542,4.380173864457192e-234
num_sentences_incidence,541.5189560606118,4.69736270021126e-231
lemmas_length_mean,528.8459889015778,8.999911204691164e-226
gerund_incidence,518.8857720346092,1.2865308746138264e-221
lexical_density,475.95354192403386,1.1363642442270551e-203
num_lexic_words_incidence,475.95150124483484,1.1386020625719211e-203
argument_overlap_all,462.0131222209764,7.857146213724804e-198
hypernymy_index,456.31240010880333,1.928027876831697e-195
sentences_length_mean,434.2872713474188,3.374000998522027e-186
argument_overlap_adjacent,432.9281792558346,1.2560436308816407e-185
num_rare_advb,407.4559783205602,6.441418069600604e-175
num_rare_verbs_incidence,398.954479785717,2.44404373265156e-171
negation_incidence,393.593467722191,4.428750447082243e-169
noun_phrase_density_incidence,386.32850859505993,5.103929538771818e-166
num_third_pers_pron_incidence,360.51930137326536,3.964584509093044e-155
num_proper_noun,356.6431892377992,1.7202309678298196e-153
infinitive_incidence,353.5311060346612,3.5528472088433627e-152
mean_np_per_sentence,313.94947109553726,2.008132237808068e-135
lemma_vttr,311.2351676002294,2.840723106785931e-134
num_first_pers_sing_pron,284.57478466768123,5.8600203278468175e-123
num_past_incidence,279.9866628017585,5.216687462152306e-121
num_first_pers_pron,264.36685655268957,2.287720304926728e-114
num_adj_incidence,246.1258742136112,1.3368954015691897e-106
adj_density,246.08417915617406,1.3927171715513957e-106
num_past_irregular_mean,244.9834608241698,4.1009025601523555e-106
num_rare_adj_incidence,242.36736933379535,5.3426446692009325e-105
sentences_length_no_stopwords_mean,238.7484760531892,1.8636227508596918e-103
sentences_per_paragraph_std,233.69831114022278,2.6532364635754165e-101
mean_rare,221.88693553859682,2.907225504531218e-96
sentences_length_std,204.21280363007787,1.0310508713851964e-88
adversative_connectives_incidence,199.07885235783095,1.6153303514568084e-86
num_paragraphs_incidence,195.12959039219865,7.894584813880747e-85
mean_distinct_rare,141.26159321298852,9.722138984566871e-62
num_subord_incidence,105.16558108175109,3.2676652610567723e-46
honore,99.81046966682267,6.628470997716851e-44
sentences_length_no_stopwords_std,97.85725857975066,4.604329141429479e-43
num_impera,93.37415188917983,3.941693445571861e-41
mean_vp_per_sentence,89.37782408072164,2.084170718731157e-39
num_rare_words_incidence,87.23748527515896,1.7461670980835051e-38
num_rare_nouns_incidence,83.82119041060112,5.198657413141819e-37
adv_ttr,74.97120586830385,3.432718474575543e-33
hypernymy_nouns_index,74.66758251073945,4.6422864823852406e-33
content_overlap_all_mean,56.37845336691021,3.7072162659337275e-25
num_paragraphs,50.88712342960775,8.788736053006178e-23
adj_ttr,47.44433169055171,2.712541936907915e-21
mean_propositions_per_sentence,37.01752685271186,8.846108337970376e-17
mtld,34.10442863265992,1.615775052905469e-15
num_past_irregular_incidence,32.375127416317866,9.06685680228022e-15
min_wf_per_sentence,31.337989701077806,2.5512846774648622e-14
lemma_adv_ttr,31.24038990934228,2.8121750591058187e-14
maas,23.56487732671437,5.961236239361982e-11
all_connectives_incidence,22.323668844339142,2.057876868105737e-10
lemma_adj_ttr,22.021715141689143,2.7818190515026136e-10
num_impera_incidence,16.077274247817442,1.0522545423631443e-07
content_overlap_all_std,15.070008617935892,2.877648795742102e-07
content_overlap_adjacent_mean,14.92273794926202,3.3336622299086923e-07
num_dif_rare_words_incidence,14.69257902332849,4.1952954952042663e-07
lemma_content_ttr,12.20498238319315,5.034719707453697e-06
noun_density,11.70462526157198,8.299928716809543e-06
num_noun_incidence,11.701006468817278,8.329991246457013e-06
temporal_connectives_incidence,11.077461517760288,1.5531211453538372e-05
num_punct_marks_per_sentence,11.059928568560656,1.5805680556676032e-05
content_overlap_adjacent_std,11.035117795930837,1.6202389445004594e-05
content_ttr,8.53244832102898,0.00019753424255838378
num_rare_advb_incidence,4.636688301207241,0.009697893322897552
adv_density,0.7929375192313787,0.4525247151748151
num_adv_incidence,0.7899954651587173,0.4538579449665797
